name,lat,lon,operator,municipality,power_mw,status,description
HUE1,42.1037703,-0.4523675,AWS,Huesca,46.5,En operación,
HUE2,42.1145077,-0.4553554,AWS,Huesca,340.7,En construcción,
HUE3,42.0968119,-0.4418492,AWS,Huesca,342.7,En aprobación,
VDG1,41.7939129,-0.8463098,AWS,Villanueva de Gállego,46.5,En operación,
VDG2,41.7913959,-0.8448221,AWS,Villanueva de Gállego,115.8,En construcción,
VDG3,41.7969847,-0.8506089,AWS,Villanueva de Gállego,412.2,En construcción,
SMDG1,41.8167171,-0.7263935,AWS,San Mateo de Gállego,885.9,En aprobación,
MAG1,41.8321822,-1.4615955,Ubicación exacta no ofrecida aún. Forestalia,Magallón,297.6,En aprobación,
LUC1,41.8077104,-1.2627623,SAMCA,Luceni,300.0,En aprobación,
ZAR1,41.6096068,-0.8974444,Microsoft,Zaragoza,543.0,En aprobación,
ZAR2 y ZAR3,41.6474339,-0.8861451,,,,,Ubicación aún no publicada. Merlin Properties	Zaragoza	225	En proyección. // Vantage	Zaragoza	450	En proyección
LPDA1,41.6403058,-0.7491509,ACS,La Puebla de Alfindén,300.0,En aprobación,
EBDE1,41.5357061,-0.6848704,AWS,El Burgo de Ebro,46.5,En operación,
ELBD2,41.5443547,-0.6870267,AWS,El Burgo de Ebro,265.5,En construcción,
CAR1,41.5725883,-0.805396,AWS,La Cartuja,487.0,En construcción,
EPI1,41.5431674,-1.2179292,Box2Bit,Épila,520.0,En aprobación,
BOT1,41.4998282,-1.0229455,Merlin Properties,Botorrita,344.4,En aprobación,
CAL1,41.3320029,-1.6352915,Box2Bit,Calatayud,327.5,En proyección,
VMDG1,41.6728244,-0.7747842,Microsoft,Villamayor de Gállego,651.0,En construcción,
VMDG2,41.7032068,-0.7458003,Azora,Villamayor de Gállego,300.0,En aprobación,
CALA1,41.5257923,-1.2601254,QTS (Blackrock),Calatorao,648.0,En aprobación,
ALF1,41.4382975,-1.2445873,Aún no han publicado la ubicación exacta. Forestalia,Alfamén,572.2,En aprobación,
ESC2,41.297758,-0.3368506,Repsol,Escatrón,402.0,En proyección,
ESC1,41.2789577,-0.2190971,"No hay ubicación exacta publicada. Únicamente, se sabe que está al lado de la planta de generación de Ignis. Ignis",Escatrón,444.0,En proyección,
LPDH1,41.2387667,-0.4607047,AWS,La Puebla de Híjar,961.7,En aprobación,
